1;Muhammed MacIntyre;400;-213.25;38.94;35;Nunavut
2;Barry French;293;457.81;208.16;68.02;Nunavut
3;Barry French;293;46.71;8.69;2.99;Nunavut
4;Clay Rozendal;483;1198.97;195.99;3.99;Nunavut
5;Carlos Soltero;515;30.94;21.78;5.94;Nunavut
6;Carlos Soltero;515;4.43;6.64;4.95;Nunavut
7;Carl Jackson;613;-54.04;7.3;7.72;Nunavut
8;Carl Jackson;613;127.70;42.76;6.22;Nunavut
9;Monica Federle;643;-695.26;138.14;35;Nunavut
10;Dorothy Badders;678;-226.36;4.98;8.33;Nunavut
11;Neola Schneider;807;-166.85;4.28;6.18;Nunavut
12;Neola Schneider;807;-14.33;3.95;2;Nunavut
13;Carlos Daly;868;134.72;21.78;5.94;Nunavut
14;Carlos Daly;868;114.46;47.98;3.61;Nunavut
15;Claudia Miner;933;-4.72;5.28;2.99;Nunavut
16;Neola Schneider;995;782.91;39.89;3.04;Nunavut
17;Allen Rosenblatt;998;93.80;15.74;1.39;Nunavut
18;Sylvia Foulston;1154;440.72;100.98;26.22;Nunavut
19;Sylvia Foulston;1154;-481.04;71.37;69;Nunavut
20;Jim Radford;1344;-11.68;65.99;5.26;Nunavut
21;Jim Radford;1344;313.58;155.99;8.99;Nunavut
22;Carlos Soltero;1412;26.92;3.69;0.5;Nunavut
23;Carlos Soltero;1412;-5.77;4.71;0.7;Nunavut
24;Carl Ludwig;1539;-172.88;15.99;13.18;Nunavut
25;Carl Ludwig;1539;-144.55;4.89;4.93;Nunavut
26;Don Miller;1540;5.76;2.88;0.7;Nunavut
27;Annie Cyprus;1702;4.90;2.84;0.93;Nunavut
28;Carl Ludwig;1761;-547.61;449.99;49;Nunavut
29;Carlos Soltero;1792;-5.45;13.48;4.51;Nunavut
30;Grant Carroll;2275;41.67;6.08;1.17;Nunavut
31;Don Miller;2277;-46.03;5.98;4.38;Nunavut
32;Don Miller;2277;33.67;40.99;19.99;Nunavut
33;Alan Barnes;2532;140.01;7.31;0.49;Nunavut
34;Alan Barnes;2532;-78.96;20.99;2.5;Nunavut
35;Jack Garza;2631;252.66;40.96;1.99;Nunavut
36;Julia West;2757;-1766.01;95.95;74.35;Nunavut
37;Eugene Barchas;2791;-236.27;3.89;7.01;Nunavut
38;Eugene Barchas;2791;80.44;120.98;30;Nunavut
39;Eugene Barchas;2791;118.94;30.98;5.76;Nunavut
40;Edward Hooks;2976;3424.22;500.98;26;Nunavut
41;Brad Eason;3232;-11.83;7.84;4.71;Nunavut
42;Nicole Hansen;3524;52.35;18.97;9.03;Nunavut
43;Dorothy Wardle;3908;-180.20;115.99;2.5;Nunavut
44;Aaron Bergman;4132;1.32;2.88;0.5;Nunavut
45;Jim Radford;4612;-375.64;4.48;49;Nunavut
46;Annie Cyprus;4676;-104.25;125.99;7.69;Nunavut
47;Annie Cyprus;4676;85.96;3.75;0.5;Nunavut
48;Annie Cyprus;4676;-8.38;12.28;6.47;Nunavut
49;Annie Cyprus;4676;1115.69;155.99;8.99;Nunavut
50;Annie Cyprus;5284;-3.05;8.69;2.99;Nunavut
51;Clay Rozendal;5316;514.07;31.78;1.99;Nunavut
52;Don Jones;5409;-7.04;3.98;2.97;Nunavut
53;Beth Thompson;5506;4.41;5.88;3.04;Nunavut
54;Frank Price;5569;-0.06;9.65;6.22;Nunavut
55;Michelle Lonsdale;5607;-50.33;7.99;5.03;Nunavut
56;Ann Chong;5894;87.68;58.1;1.49;Nunavut
57;Ann Chong;5894;-68.22;80.48;4.5;Nunavut
58;Joy Bell;5925;-354.90;92.23;39.61;Nunavut
59;Joy Bell;5925;-267.01;85.99;0.99;Nunavut
60;Skye Norling;6016;3.63;11.48;5.43;Nunavut
61;Barry Weirich;6116;-1759.58;1637.53;24.49;Nunavut
62;Grant Carroll;6182;-116.79;6.48;6.65;Nunavut
63;Grant Carroll;6182;-67.28;6.48;7.86;Nunavut
64;Adrian Hane;6535;-19.33;28.15;8.99;Nunavut
65;Skye Norling;6884;-61.21;4.98;4.75;Nunavut
66;Skye Norling;6884;119.09;6.35;1.02;Nunavut
67;Andrew Gjertsen;6916;-141.27;10.9;7.46;Nunavut
68;Ralph Knight;6980;-77.28;7.3;7.72;Nunavut
69;Dorothy Wardle;6982;407.44;39.48;1.99;Nunavut
70;Dorothy Wardle;6982;-338.27;100.98;57.38;Nunavut
71;Dorothy Wardle;6982;52.56;19.98;10.49;Nunavut
72;Grant Carroll;7110;1902.24;276.2;24.49;Nunavut
73;Barry Weirich;7430;353.20;15.67;1.39;Nunavut
74;Beth Paige;7906;271.78;25.98;5.37;Nunavut
75;Sylvia Foulston;8391;-268.36;300.98;64.73;Nunavut
76;Nicole Hansen;8419;70.39;19.98;5.97;Nunavut
77;Nicole Hansen;8419;-86.62;6.48;7.03;Nunavut
78;Nicole Hansen;8833;-846.73;80.98;35;Nunavut
79;Beth Paige;8995;8.05;1.88;1.49;Nunavut
80;Beth Paige;8995;-78.02;6.48;5.86;Northwest Territories
81;Beth Paige;8995;737.94;102.3;21.26;Northwest Territories
82;Beth Paige;8995;-191.28;6.48;8.19;Northwest Territories
83;Beth Paige;8995;-21.49;1.89;0.76;Northwest Territories
84;Sylvia Foulston;9126;884.08;62.05;3.99;Northwest Territories
85;Bryan Davis;9127;-329.49;279.48;35;Northwest Territories
86;Joy Bell;9509;2825.15;320.98;58.95;Northwest Territories
87;Joy Bell;9509;2.13;18.97;5.21;Northwest Territories
88;Joy Bell;9509;707.15;48.91;5.81;Northwest Territories
89;Alan Barnes;9763;75.13;4.13;0.5;Northwest Territories
90;Grant Carroll;9927;-270.63;140.98;53.48;Northwest Territories
91;Grant Carroll;9927;3387.35;218.08;18.06;Northwest Territories
92;Grant Carroll;9927;-82.16;50.98;6.5;Northwest Territories
93;Delfina Latchford;10022;-3.88;10.14;2.27;Northwest Territories
94;Don Jones;10437;-191.22;15.99;13.18;Northwest Territories
95;Doug Bickford;10499;31.21;262.11;62.74;Northwest Territories
96;Doug Bickford;10535;-44.14;33.98;19.99;Northwest Territories
97;Doug Bickford;10535;-0.79;1.76;0.7;Northwest Territories
98;Jamie Kunitz;10789;76.42;19.84;4.1;Northwest Territories
99;Anthony Johnson;10791;93.36;19.98;5.77;Northwest Territories
100;Ralph Knight;10945;4.22;95.99;8.99;Northwest Territories
101;Allen Rosenblatt;11137;395.12;111.03;8.64;Northwest Territories
102;Barry Weirich;11202;79.59;43.41;2.99;Northwest Territories
103;Doug Bickford;11456;399.37;105.34;24.49;Northwest Territories
104;Carl Jackson;11460;37.79;3.69;0.5;Northwest Territories
105;Brendan Dodson;11495;-144.20;146.34;43.75;Northwest Territories
106;Edward Hooks;11911;-14.75;15.22;9.73;Northwest Territories
107;Jamie Kunitz;11941;-41.01;15.7;11.25;Northwest Territories
108;Jamie Kunitz;11941;111.52;179.29;29.21;Northwest Territories
109;Michelle Lonsdale;12096;2332.40;200.99;8.08;Northwest Territories
110;Michelle Lonsdale;12096;2176.19;194.3;11.54;Northwest Territories
111;Brendan Dodson;12289;1269.05;120.97;7.11;Northwest Territories
112;Hunter Glantz;12352;-32.82;5.81;8.49;Northwest Territories
113;Sylvia Foulston;12419;5322.14;1938.02;13.99;Northwest Territories
114;Eugene Barchas;12485;1068.48;226.67;28.16;Northwest Territories
115;Jim Radford;12544;-129.01;2.08;5.33;Northwest Territories
116;Carlos Soltero;12704;1260.51;499.99;24.49;Northwest Territories
117;Carlos Soltero;12704;-1274.02;20.98;53.03;Northwest Territories
118;Carlos Soltero;12771;-193.44;30.53;19.99;Northwest Territories
119;Carlos Soltero;12771;-43.10;1.68;1.57;Northwest Territories
120;Jim Radford;12929;-158.93;270.98;50;Northwest Territories
121;Jim Radford;12929;29.68;4.48;1.22;Northwest Territories
122;Grant Carroll;13280;-116.76;10.9;7.46;Northwest Territories
123;Grant Carroll;13280;-160.95;7.99;5.03;Northwest Territories
124;Skye Norling;13313;-209.61;21.66;13.99;Northwest Territories
125;Doug Bickford;13346;-240.83;6.48;8.88;Northwest Territories
126;Grant Carroll;13702;12.32;35.44;7.5;Northwest Territories
127;Muhammed MacIntyre;13795;-119.08;15.99;13.18;Northwest Territories
128;Muhammed MacIntyre;13795;43.35;11.34;5.01;Northwest Territories
129;Muhammed MacIntyre;13795;545.49;35.44;5.09;Northwest Territories
130;Doug Bickford;14116;-16.07;30.98;11.63;Northwest Territories
131;Doug Bickford;14116;161.48;34.54;14.72;Northwest Territories
132;Beth Thompson;14372;-1059.20;170.98;60.49;Northwest Territories
133;Ralph Knight;14726;-21.48;20.95;4;Northwest Territories
134;Carl Jackson;14819;3122.78;207.48;0.99;Northwest Territories
135;Carl Jackson;14819;-478.22;58.14;36.61;Northwest Territories
136;Dorothy Badders;15106;-14.23;6.64;4.95;Northwest Territories
137;Dorothy Badders;15106;948.79;145.45;17.85;Northwest Territories
138;Dorothy Badders;15106;-6.33;2.21;1.12;Northwest Territories
139;Delfina Latchford;15108;372.36;40.99;17.48;Northwest Territories
140;Julia West;15205;678.26;243.98;43.32;Northwest Territories
141;Julia West;15205;155.72;39.98;9.2;Northwest Territories
142;Brad Eason;15591;73.53;12.58;5.16;Northwest Territories
143;Thomas Seio;15907;-1414.41;48.58;54.11;Northwest Territories
144;Thomas Seio;15907;950.68;105.98;13.99;Northwest Territories
145;Thomas Seio;15907;-5.41;7.04;2.17;Northwest Territories
146;Monica Federle;15937;74.07;9.78;1.99;Northwest Territories
147;Monica Federle;15937;77.38;12.22;2.85;Northwest Territories
148;Michelle Lonsdale;16039;-118.82;43.98;1.99;Northwest Territories
149;Frank Price;16193;6.41;34.76;8.22;Northwest Territories
150;Frank Price;16193;-183.68;55.99;5;Northwest Territories
151;Bryan Davis;16423;-55.13;6.48;6.57;Northwest Territories
152;Don Jones;16451;58.23;30.56;2.99;Northwest Territories
153;Carlos Soltero;16545;4.45;5.16;0.73;Northwest Territories
154;Carlos Soltero;16545;-3.06;3.68;1.32;Northwest Territories
155;Nicole Hansen;16547;1240.25;355.98;58.92;Northwest Territories
156;Nicole Hansen;16547;-533.23;218.75;69.64;Northwest Territories
157;Beth Thompson;16706;-1003.58;41.47;34.2;Northwest Territories
158;Beth Thompson;16706;-4.06;2.78;1.2;Northwest Territories
159;Beth Thompson;16706;1881.58;155.99;3.9;Northwest Territories
160;Nicole Hansen;16741;-42.38;22.84;16.87;Northwest Territories
161;Carlos Soltero;16932;-120.99;5.78;8.09;Northwest Territories
162;Carlos Soltero;16932;12.88;6.7;1.56;Northwest Territories
163;Dorothy Badders;17283;-2816.34;1360.14;14.7;Northwest Territories
164;Muhammed MacIntyre;17286;-541.87;270.98;50;Northwest Territories
165;Muhammed MacIntyre;17409;-158.87;20.97;6.5;Northwest Territories
166;Don Miller;17764;-97.28;22.84;16.87;Northwest Territories
167;Sylvia Foulston;18080;-80.83;180.98;26.2;Northwest Territories
168;Becky Castell;18113;-514.32;130.98;30;Northwest Territories
169;Dorothy Wardle;18144;-131.82;4.28;5.17;Northwest Territories
170;Dorothy Wardle;18144;-65.42;28.28;13.99;Northwest Territories
171;Dorothy Wardle;18144;-250.17;55.99;5;Northwest Territories
172;Ann Chong;18308;15.73;3.8;1.49;Northwest Territories
173;Ann Chong;18308;-92.58;30.73;4;Northwest Territories
174;Ann Chong;18308;1465.87;125.99;8.08;Northwest Territories
175;Clay Rozendal;18887;18.23;20.99;0.99;Northwest Territories
176;Grant Carroll;19010;10951.31;1270.99;19.99;Northwest Territories
177;Brendan Dodson;19078;-18.19;11.97;4.98;Northwest Territories
178;Carlos Daly;19138;-31.45;12.28;6.13;Northwest Territories
179;Alan Barnes;19655;304.42;39.24;1.99;Northwest Territories
180;Alan Barnes;19686;-53.08;17.98;8.51;Northwest Territories
181;Alan Barnes;19686;12.76;12.95;4.98;Northwest Territories
182;Nicole Hansen;20007;-46.25;1.68;1.57;Northwest Territories
183;Cari Schnelling;20071;-190.41;25.98;14.36;Northwest Territories
184;Chad Cunningham;20160;174.89;10.31;1.79;Northwest Territories
185;Bryan Mills;20263;72.51;59.78;10.29;Northwest Territories
186;Bryan Mills;20263;-76.86;20.99;1.25;Northwest Territories
187;Adrian Hane;21285;-30.54;1.68;1.57;Northwest Territories
188;Adrian Hane;21285;23.82;7.08;2.35;Northwest Territories
189;Rick Reed;21383;7416.43;574.74;24.49;Northwest Territories
190;Heather Kirkland;21607;54.92;36.55;13.89;Northwest Territories
191;Fred Wasserman;21636;366.51;55.99;3.3;Northwest Territories
192;Becky Castell;21889;135.79;51.75;19.99;Northwest Territories
193;Becky Castell;21889;103.38;55.29;5.08;Northwest Territories
194;Beth Thompson;22151;-79.72;9.65;6.22;Northwest Territories
195;Claudia Miner;22342;-92.96;20.99;3.3;Northwest Territories
196;Jack Lebron;22469;-162.37;7.99;5.03;Northwest Territories
197;Alan Barnes;22501;7.27;7.64;1.39;Northwest Territories
198;Carlos Soltero;22532;-11.80;8.85;5.6;Northwest Territories
199;Clay Rozendal;23264;-50.82;6.48;6.81;Northwest Territories
200;Clay Rozendal;23264;17.99;2.88;0.99;Northwest Territories
201;Julia West;23488;-11053.60;880.98;44.55;Northwest Territories
202;Alan Barnes;23584;636.18;200.97;15.59;Northwest Territories
203;Joy Bell;24007;135.65;20.89;1.99;Northwest Territories
204;Joy Bell;24007;-13.95;11.58;6.97;Northwest Territories
205;Joy Bell;24007;66.17;4.13;0.5;Northwest Territories
206;Jack Lebron;24038;-0.95;2.78;1.34;Northwest Territories
207;Anthony Johnson;24097;-35.34;14.48;1.99;Northwest Territories
208;Anthony Johnson;24097;399.93;99.99;19.99;Northwest Territories
209;Anthony Johnson;24097;-8.15;4.98;4.86;Northwest Territories
210;Eugene Barchas;24128;7.07;21.98;8.32;Northwest Territories
211;Eugene Barchas;24128;1459.79;195.99;3.99;Northwest Territories
212;Thomas Seio;24294;1951.30;200.97;15.59;Northwest Territories
213;Bryan Mills;24387;51.90;40.97;14.45;Northwest Territories
214;Bryan Mills;24387;1418.36;349.45;60;Northwest Territories
215;Eugene Barchas;24515;121.48;80.97;33.6;Northwest Territories
216;Sylvia Foulston;24743;176.67;216.6;64.2;Northwest Territories
217;Sylvia Foulston;24743;753.61;140.81;24.49;Northwest Territories
218;Carl Ludwig;24871;75.30;22.72;8.99;Northwest Territories
219;Julia West;25318;-65.18;19.98;10.49;Northwest Territories
220;Don Jones;25377;-3755.03;1500.97;29.7;Northwest Territories
221;Mike Pelletier;25634;28.99;20.95;4;Northwest Territories
222;Mike Pelletier;25634;185.32;23.99;6.71;Northwest Territories
223;Eugene Barchas;25733;-42.99;24.92;12.98;Northwest Territories
224;Ann Chong;25767;-59.20;39.48;1.99;Northwest Territories
225;Ann Chong;25767;108.01;38.76;13.26;Northwest Territories
226;Charles McCrossin;26023;19.86;2.47;1.02;Northwest Territories
227;Annie Cyprus;26051;-127.39;33.94;19.19;Northwest Territories
228;Annie Cyprus;26051;22.46;8.33;1.99;Northwest Territories
229;Carlos Soltero;26116;81.71;18.97;9.03;Northwest Territories
230;Doug Bickford;26182;-549.27;150.98;66.27;Northwest Territories
231;Carlos Daly;26272;-4.19;140.81;24.49;Northwest Territories
232;Fred Wasserman;26370;52.02;22.84;5.47;Northwest Territories
233;Fred Wasserman;26370;63.83;34.76;5.49;Northwest Territories
234;Sylvia Foulston;26499;8.78;2.88;0.5;Northwest Territories
235;Michelle Lonsdale;26531;1215.44;205.99;5.26;Northwest Territories
236;Sylvia Foulston;26567;-44.07;5.4;7.78;Northwest Territories
237;Sylvia Foulston;26567;-100.51;8.46;8.99;Northwest Territories
238;Sylvia Foulston;26567;-17.75;14.98;8.99;Northwest Territories
239;Sylvia Foulston;26567;1374.95;155.99;8.08;Northwest Territories
240;Charlotte Melton;26854;-12.95;25.38;8.99;Northwest Territories
241;Barry French;27109;-154.66;10.97;6.5;Northwest Territories
242;Heather Kirkland;27111;-127.56;99.99;19.99;Northwest Territories
243;Heather Kirkland;27111;282.18;193.17;19.99;Northwest Territories
244;Heather Kirkland;27111;-96.34;20.99;3.3;Northwest Territories
245;Henry Goldwyn;27264;44.54;19.99;11.17;Northwest Territories
246;Frank Price;27392;2509.52;150.98;13.99;Northwest Territories
247;Jim Radford;27553;1166.93;370.98;99;Northwest Territories
248;Jim Radford;27553;297.11;179.99;13.99;Northwest Territories
249;Ralph Knight;27555;65.41;6.74;1.72;Northwest Territories
250;Delfina Latchford;27680;-46.98;10.89;4.5;Northwest Territories
251;Delfina Latchford;27680;-46.89;6.48;6.6;Northwest Territories
252;Roy Skaria;27778;-105.14;223.98;15.01;Northwest Territories
253;Roy Skaria;27778;-393.96;140.98;36.09;Northwest Territories
254;Monica Federle;27909;-23.24;54.96;10.75;Northwest Territories
255;Monica Federle;27909;-24.86;1.26;0.7;Northwest Territories
256;Charles McCrossin;28003;-95.92;4.98;6.07;Northwest Territories
257;Don Miller;28035;89.56;18.99;5.23;Northwest Territories
258;Jeremy Lonsdale;28135;520.69;46.89;5.1;Northwest Territories
259;Jeremy Lonsdale;28135;38.23;12.98;3.14;Northwest Territories
260;Grant Carroll;28165;-12.80;10.91;2.99;Northwest Territories
261;Carl Ludwig;28289;-46.03;4.98;4.75;Northwest Territories
262;Carlos Daly;28486;-517.47;415.88;11.37;Northwest Territories
263;Ralph Knight;28675;4.39;65.99;5.92;Northwest Territories
264;Cindy Schnelling;28870;822.40;115.99;2.5;Northwest Territories
265;Claudia Miner;28871;-56.12;5.02;5.14;Northwest Territories
266;Roy Skaria;29030;24.60;19.84;4.1;Northwest Territories
267;Delfina Latchford;29095;54.46;6.75;2.99;Northwest Territories
268;Edward Hooks;29287;-106.40;5.74;5.01;Northwest Territories
269;Edward Hooks;29287;2699.67;270.97;28.06;Northwest Territories
270;Don Miller;29510;1292.44;260.98;41.91;Northwest Territories
271;Grant Carroll;29795;8793.54;387.99;19.99;Northwest Territories
272;Grant Carroll;29795;813.83;160.98;35.02;Northwest Territories
273;Brad Eason;29861;5.58;3.08;0.99;Northwest Territories
274;Charles McCrossin;30658;6907.61;499.99;24.49;Northwest Territories
275;Charles McCrossin;30658;-942.50;138.14;35;Northwest Territories
276;Charles McCrossin;30947;261.24;41.94;2.99;Northwest Territories
277;Charles McCrossin;30947;183.53;7.31;0.49;Northwest Territories
278;Bryan Mills;31077;470.83;65.99;3.9;Northwest Territories
279;Monica Federle;31111;-29.02;7.64;5.83;Northwest Territories
280;Michelle Lonsdale;31169;109.88;40.97;14.45;Northwest Territories
281;Michelle Lonsdale;31270;801.72;299.05;87.01;Northwest Territories
282;Michelle Lonsdale;31270;-328.36;291.73;48.8;Northwest Territories
283;Michelle Lonsdale;31270;-112.44;30.42;8.65;Northwest Territories
284;Beth Thompson;31364;-539.59;415.88;11.37;Northwest Territories
285;Cindy Schnelling;31393;-27.31;19.94;14.87;Northwest Territories
286;Cindy Schnelling;31393;-32.65;3.68;1.32;Northwest Territories
287;Nicole Hansen;31492;-12.25;11.97;4.98;Northwest Territories
288;Nicole Hansen;31492;-21.10;29.74;6.64;Northwest Territories
289;Nicole Hansen;31492;-235.56;95.43;19.99;Northwest Territories
290;Cari Schnelling;31558;900.06;300.65;24.49;Northwest Territories
291;Cari Schnelling;31558;455.37;45.19;1.99;Northwest Territories
292;Roy Skaria;31618;147.45;28.53;1.49;Northwest Territories
293;Susan Vittorini;31684;23.48;5.68;1.46;Northwest Territories
294;Susan Vittorini;31684;-328.18;15.51;17.78;Northwest Territories
295;Sylvia Foulston;31781;-282.61;5.81;8.49;Northwest Territories
296;Sylvia Foulston;31781;5.53;1.81;0.75;Northwest Territories
297;Chad Cunningham;32193;-10.25;6.68;6.93;Northwest Territories
298;Chad Cunningham;32193;37.33;3.93;0.99;Northwest Territories
299;Carlos Daly;32229;44.37;150.98;13.99;Northwest Territories
300;Carlos Daly;32229;-0.12;1.76;0.7;Northwest Territories
301;Grant Carroll;32743;1280.19;177.98;0.99;Northwest Territories
302;Julia West;32806;-28.34;20.24;8.99;Northwest Territories
303;Roy Skaria;33123;-996.67;150.98;66.27;Northwest Territories
304;Cindy Schnelling;33159;-70.97;20.99;0.99;Northwest Territories
305;Don Jones;33186;221.18;65.99;5.26;Northwest Territories
306;Beth Thompson;33377;11.94;5.18;2.04;Northwest Territories
307;Beth Thompson;33377;47.30;17.24;3.26;Northwest Territories
308;Alan Barnes;33444;-17.68;2.6;2.4;Northwest Territories
309;Alan Barnes;33444;-30.48;14.97;7.51;Northwest Territories
310;Carl Ludwig;33703;-131.48;60.98;1.99;Northwest Territories
311;Carl Ludwig;33703;56.26;29.74;6.64;Northwest Territories
312;Carl Ludwig;33703;-8.47;12.21;4.81;Northwest Territories
313;Jamie Kunitz;33734;106.53;29.14;4.86;Northwest Territories
314;Heather Kirkland;33888;-44.92;11.5;7.19;Northwest Territories
315;Heather Kirkland;33888;-35.08;15.7;11.25;Northwest Territories
316;Heather Kirkland;33888;965.48;225.02;28.66;Northwest Territories
317;Doug Bickford;33894;11.34;9.27;4.39;Northwest Territories
318;Doug Bickford;33894;-32.48;6.84;8.37;Northwest Territories
319;Doug Bickford;33894;-173.15;4.98;4.62;Northwest Territories
320;Doug Bickford;33894;-119.02;32.98;5.5;Northwest Territories
321;Carlos Daly;33922;5353.19;500.97;69.3;Northwest Territories
322;Toby Braunhardt;34177;9.47;2.61;0.5;Northwest Territories
323;Toby Braunhardt;34177;73.18;7.31;0.49;Northwest Territories
324;Toby Braunhardt;34177;-83.95;20.99;2.5;Northwest Territories
325;Cari Schnelling;34215;-5.92;5.34;2.99;Northwest Territories
326;Thomas Seio;34246;-257.11;4.06;6.89;Northwest Territories
327;Thomas Seio;34246;192.33;99.99;19.99;Northwest Territories
328;Thomas Seio;34246;1.91;11.58;6.97;Northwest Territories
329;Brendan Dodson;34631;-22.28;3.36;6.27;Northwest Territories
330;Brendan Dodson;34631;2808.22;699.99;24.49;Northwest Territories
331;Charlotte Melton;35047;-7.06;4.71;0.7;Northwest Territories
332;Beth Thompson;35266;33.50;5.84;1.2;Northwest Territories
333;Beth Thompson;35266;-998.94;218.75;69.64;Northwest Territories
334;Eugene Barchas;35847;-144.27;15.98;8.99;Northwest Territories
335;Michelle Lonsdale;36001;-78.36;22.38;15.1;Northwest Territories
336;Michelle Lonsdale;36001;51.82;12.95;4.98;Northwest Territories
337;Grant Carroll;36134;-413.33;155.99;8.99;Northwest Territories
338;Beth Paige;36135;381.17;35.99;3.3;Northwest Territories
339;Dorothy Wardle;36644;218.72;99.99;19.99;Northwest Territories
340;Muhammed MacIntyre;36646;-743.96;48.91;35;Northwest Territories
341;Charlotte Melton;36707;71.56;3.78;0.71;Northwest Territories
342;Muhammed MacIntyre;37253;-99.55;26.31;5.89;Northwest Territories
343;Claudia Miner;37541;-70.68;20.95;5.99;Northwest Territories
344;Claudia Miner;37541;98.32;55.98;13.88;Northwest Territories
345;Claudia Miner;37541;-599.54;80.98;35;Northwest Territories
346;Brendan Dodson;37634;-36.78;12.21;4.81;Northwest Territories
347;Dorothy Wardle;37793;-49.31;13.9;7.59;Northwest Territories
348;Mike Pelletier;37860;-98.31;55.5;52.2;Northwest Territories
349;Edward Hooks;38884;-119.84;5.28;5.66;Northwest Territories
350;Edward Hooks;38884;-98.05;296.18;54.12;Northwest Territories
351;Jamie Kunitz;39364;-1.33;92.23;39.61;Northwest Territories
352;Jamie Kunitz;39364;8417.57;1270.99;19.99;Northwest Territories
353;Julia West;39457;-1975.26;122.99;70.2;Northwest Territories
354;Jeremy Lonsdale;39683;168.00;18.99;5.23;Northwest Territories
355;Jeremy Lonsdale;39683;2113.95;218.08;18.06;Northwest Territories
356;Jeremy Lonsdale;39683;66.97;20.24;6.67;Northwest Territories
357;Jeremy Lonsdale;39683;6.37;2.18;0.78;Northwest Territories
358;Cindy Schnelling;39846;-62.73;4.98;4.62;Northwest Territories
359;Heather Kirkland;40036;-147.36;65.99;8.99;Northwest Territories
360;Alan Barnes;40067;519.25;65.99;5.31;Northwest Territories
361;Hunter Glantz;40132;149.83;50.98;14.19;Northwest Territories
362;Hunter Glantz;40132;-219.38;124.49;51.94;Northwest Territories
363;Hunter Glantz;40132;-86.20;22.38;15.1;Northwest Territories
364;Julia West;40160;202.87;63.94;14.48;Northwest Territories
365;Carlos Daly;40518;-12.16;4.13;5.04;Northwest Territories
366;Barry French;40804;-1775.83;122.99;70.2;Northwest Territories
367;Susan Vittorini;40902;-48.88;7.1;6.05;Northwest Territories
368;Carl Jackson;41063;-34.09;21.38;8.99;Northwest Territories
369;Carl Jackson;41063;42.27;35.99;0.99;Northwest Territories
370;Carl Jackson;41063;822.89;85.99;1.25;Northwest Territories
371;Alan Barnes;41153;-45.10;30.73;4;Northwest Territories
372;Charlotte Melton;41184;-56.06;15.7;11.25;Northwest Territories
373;Beth Thompson;41409;-18.25;11.5;7.19;Northwest Territories
374;Bryan Mills;41696;-2088.68;4.48;49;Northwest Territories
375;Alan Barnes;42209;-12.82;67.84;0.99;Northwest Territories
376;Alan Barnes;42209;2795.36;276.2;24.49;Northwest Territories
377;Beth Paige;42561;298.48;85.99;2.5;Northwest Territories
378;Mike Pelletier;42564;2155.41;200.98;23.76;Northwest Territories
379;Delfina Latchford;42695;-10.30;65.99;5.31;Northwest Territories
380;Susan Vittorini;42981;232.44;896.99;19.99;Northwest Territories
381;Dorothy Wardle;43109;-21.85;15.01;8.4;Northwest Territories
382;Dorothy Wardle;43109;-145.78;20.97;6.5;Northwest Territories
383;Dorothy Wardle;43109;-3.96;10.01;1.99;Northwest Territories
384;Susan Vittorini;43203;-33.69;6.68;5.2;Northwest Territories
385;Jamie Kunitz;43236;10.68;9.77;6.02;Northwest Territories
386;Fred Wasserman;43267;171.26;76.72;19.95;Northwest Territories
387;Doug Bickford;43329;752.37;59.98;3.99;Northwest Territories
388;Fred Wasserman;43330;337.04;65.99;8.99;Northwest Territories
389;Susan Vittorini;43364;158.98;23.99;6.71;Northwest Territories
390;Doug Bickford;43392;2969.81;162.93;19.99;Northwest Territories
391;Claudia Miner;43781;240.41;10.94;1.39;Northwest Territories
392;Claudia Miner;43781;393.41;40.98;2.99;Northwest Territories
393;Frank Price;44071;-43.75;5.99;4.92;Northwest Territories
394;Frank Price;44071;83.84;65.99;8.99;Northwest Territories
395;Dorothy Wardle;44519;-144.76;4.57;5.42;Northwest Territories
396;Dorothy Wardle;44519;155.69;10.67;1.39;Northwest Territories
397;Dorothy Wardle;44519;5386.32;442.14;14.7;Northwest Territories
398;Allen Rosenblatt;44708;-37.39;1.74;4.08;Northwest Territories
399;Dorothy Wardle;44772;-232.99;55.99;5;Northwest Territories
400;Julia West;44839;-246.30;33.98;19.99;Northwest Territories
401;Ralph Knight;45217;1864.66;200.99;4.2;Northwest Territories
402;Michelle Lonsdale;45440;-183.60;135.99;28.63;Northwest Territories
403;Charlotte Melton;45766;1026.07;63.94;14.48;Northwest Territories
404;Charlotte Melton;45766;1765.48;140.99;13.99;Northwest Territories
405;Allen Rosenblatt;45861;319.10;20.99;0.99;Northwest Territories
406;Neola Schneider;45957;162.83;39.24;1.99;Northwest Territories
407;Neola Schneider;45957;-30.92;7.64;5.83;Northwest Territories
408;Joy Bell;46912;181.53;54.74;14.83;Northwest Territories
409;Monica Federle;46980;103.16;6.3;0.5;Northwest Territories
410;Jamie Kunitz;47460;-3.64;2.84;0.93;Northwest Territories
411;Susan Vittorini;47462;-166.92;3.58;5.47;Northwest Territories
412;Susan Vittorini;47462;-1.22;5.85;2.27;Northwest Territories
413;Susan Vittorini;47462;21.62;3.29;1.35;Northwest Territories
414;Charles McCrossin;47620;20.27;10.98;3.37;Northwest Territories
415;Cari Schnelling;47749;-188.53;8.45;7.77;Northwest Territories
416;Doug Bickford;47873;-17.38;5.89;5.57;Northwest Territories
417;Don Miller;47943;24.06;4.91;0.5;Northwest Territories
418;Don Miller;47943;63.46;15.94;5.45;Northwest Territories
419;Fred Wasserman;48101;-39.92;22.84;16.87;Northwest Territories
420;Bryan Mills;48295;4938.78;204.1;13.99;Northwest Territories
421;Carlos Daly;48839;-37.06;98.31;0.49;Northwest Territories
422;Joy Bell;49154;-807.89;60.98;49;Northwest Territories
423;Claudia Miner;49921;-280.28;145.45;17.85;Northwest Territories
424;Claudia Miner;49921;-7.26;12.28;6.13;Northwest Territories
425;Beth Thompson;49952;630.28;107.53;5.81;Northwest Territories
426;Allen Rosenblatt;50117;14.49;2.89;0.5;Northwest Territories
427;Beth Thompson;50278;-27.53;20.98;8.83;Northwest Territories
428;Beth Thompson;50278;-355.94;100.8;60;Northwest Territories
429;Susan Vittorini;50374;1443.35;120.98;9.07;Northwest Territories
430;Sylvia Foulston;50565;-138.82;16.98;12.39;Northwest Territories
431;Joy Bell;50688;27.86;12.98;3.14;Northwest Territories
432;Becky Castell;50754;-58.34;7.99;5.03;Northwest Territories
433;Carlos Daly;50914;2763.13;195.99;8.99;Northwest Territories
434;Cari Schnelling;51169;-192.92;136.98;24.49;Northwest Territories
435;Jim Radford;51938;-488.31;125.99;5.63;Northwest Territories
436;Allen Rosenblatt;51970;-343.47;115.99;56.14;Northwest Territories
437;Dorothy Badders;51971;-1129.96;32.48;35;Northwest Territories
438;Dorothy Badders;51971;-803.52;182.55;69;Northwest Territories
439;Mike Pelletier;52193;10.51;2.88;0.5;Northwest Territories
440;Mike Pelletier;52193;6.04;2.94;0.96;Northwest Territories
441;Doug Bickford;52321;-37.52;12.28;6.13;Northwest Territories
442;Doug Bickford;52321;5626.42;349.45;60;Northwest Territories
443;Susan Vittorini;52386;-188.58;120.97;26.3;Northwest Territories
444;Andrew Gjertsen;52807;204.74;21.98;2.87;Northwest Territories
445;Muhammed MacIntyre;52929;-90.14;15.99;9.4;Northwest Territories
446;Muhammed MacIntyre;52929;-6.53;2.78;1.25;Northwest Territories
447;Muhammed MacIntyre;52929;7.34;6.47;1.22;Northwest Territories
448;Muhammed MacIntyre;52929;19.68;3.93;0.99;Northwest Territories
449;Jim Radford;52964;828.27;136.98;24.49;Northwest Territories
450;Bryan Davis;53156;56.44;4.13;0.99;Northwest Territories
451;Anthony Johnson;53511;-243.24;5.81;8.49;Northwest Territories
452;Anthony Johnson;53511;-53.62;9.65;6.22;Northwest Territories
453;Doug Bickford;53797;-213.32;58.14;36.61;Northwest Territories
454;Carlos Daly;53990;1411.03;110.99;2.5;Northwest Territories
455;Don Miller;54083;258.01;279.81;23.19;Northwest Territories
456;Don Jones;54274;328.00;78.65;13.99;Northwest Territories
457;Chad Cunningham;54276;299.59;35.44;4.92;Northwest Territories
458;Ralph Arnett;54528;-85.91;11.66;8.99;Northwest Territories
459;Ralph Arnett;54528;-6.38;10.48;2.89;Northwest Territories
460;Nicole Hansen;54567;-61.59;6.28;5.41;Northwest Territories
461;Fred Wasserman;54628;115.54;22.98;1.99;Northwest Territories
462;Bryan Mills;55298;-165.60;300.98;64.73;Northwest Territories
463;Ralph Arnett;55363;542.16;155.06;7.07;Northwest Territories
464;Doug Bickford;55366;-204.65;55.94;6.55;Northwest Territories
465;Eugene Barchas;55715;16.65;5.28;2.99;Northwest Territories
466;Brad Eason;55875;39.29;7.59;4;Northwest Territories
467;Brad Eason;55875;-104.96;5.98;4.69;Northwest Territories
468;Dorothy Wardle;56453;-5572.39;2550.14;29.7;Northwest Territories
469;Ralph Knight;57127;171.82;55.48;14.3;Northwest Territories
470;Sylvia Foulston;57344;-71.03;28.99;8.59;Northwest Territories
471;Neola Schneider;57509;101.13;4.91;0.5;Northwest Territories
472;Neola Schneider;57509;-202.58;259.71;66.67;Northwest Territories
473;Grant Carroll;57600;584.15;59.78;10.29;Northwest Territories
474;Grant Carroll;57600;85.81;4.13;0.5;Prince Edward Island
475;Grant Carroll;57600;-8.42;30.98;17.08;Prince Edward Island
476;Julia West;58055;-56.45;7.38;5.21;Prince Edward Island
477;Muhammed MacIntyre;58144;257.32;26.38;5.86;Prince Edward Island
478;Susan Vittorini;58150;-119.62;2.16;6.05;Prince Edward Island
479;Sylvia Foulston;58340;278.12;50.98;13.66;Prince Edward Island
480;Doug Bickford;58368;-4.43;2.08;5.33;Prince Edward Island
481;Doug Bickford;58368;-206.46;6.48;9.54;Prince Edward Island
482;Doug Bickford;58368;-76.11;64.98;6.88;Prince Edward Island
483;Dorothy Badders;58434;268.32;19.23;6.15;Prince Edward Island
484;Henry Goldwyn;58626;673.77;300.98;64.73;Prince Edward Island
485;Henry Goldwyn;58626;2608.72;500.98;26;Prince Edward Island
486;Henry Goldwyn;58626;171.59;45.19;1.99;Prince Edward Island
487;Grant Carroll;58688;-41.87;11.97;5.81;Prince Edward Island
488;Chad Cunningham;59045;32.87;4.55;1.49;Prince Edward Island
489;Beth Thompson;59047;19.20;28.48;1.99;Prince Edward Island
490;Beth Thompson;59047;-93.93;4.14;6.6;Prince Edward Island
491;Andrew Gjertsen;59202;21.92;12.53;0.5;Prince Edward Island
492;Andrew Gjertsen;59202;7.45;5.85;2.27;Prince Edward Island
493;Sylvia Foulston;59207;-945.56;280.98;81.98;Prince Edward Island
494;Michelle Lonsdale;59234;2109.21;177.98;0.99;Prince Edward Island
495;Michelle Lonsdale;59234;11.46;50.98;14.19;Prince Edward Island
496;Cari Schnelling;59395;367.12;48.04;7.23;Prince Edward Island
497;Henry Goldwyn;59558;37.73;2.61;0.5;Prince Edward Island
498;Edward Hooks;59585;-110.93;15.99;9.4;Prince Edward Island
499;Brendan Dodson;59651;-196.06;8.04;8.94;Prince Edward Island
500;Brendan Dodson;59651;-52.92;2.23;4.57;Prince Edward Island
501;Harold Engle;645;89.45;12.95;4.98;Prince Edward Island
502;Roy French;769;4.15;115.99;56.14;Prince Edward Island
503;Helen Abelman;773;324.93;65.99;8.99;Prince Edward Island
504;Guy Armstrong;1187;20.21;15.98;4;Prince Edward Island
505;Jennifer Braxton;2339;-120.45;140.85;19.99;Prince Edward Island
506;Giulietta Baptist;3521;28.71;4.28;0.94;Prince Edward Island
507;Jack Lebron;4007;112.36;56.96;13.22;Prince Edward Island
508;Jack Lebron;4007;-232.24;279.48;35;Prince Edward Island
509;Erica Bern;4416;2665.40;165.98;19.99;Prince Edward Island
510;Erica Bern;4454;21.42;3.08;0.5;Prince Edward Island
511;Helen Abelman;5153;1467.82;128.24;12.65;Prince Edward Island
512;Guy Armstrong;5446;44.10;10.98;4.8;Prince Edward Island
513;Helen Abelman;8131;191.29;29.89;1.99;Prince Edward Island
514;Christopher Schild;8994;-580.32;40.48;19.99;Prince Edward Island
515;Roy French;9027;458.98;35.99;0.99;Prince Edward Island
516;Roy French;9216;-86.68;180.98;55.24;Prince Edward Island
517;Jennifer Braxton;9537;-382.38;150.98;66.27;Prince Edward Island
518;Jennifer Braxton;9537;-149.09;3.81;5.44;Prince Edward Island
519;Joy Smith;9574;-68.98;11.5;7.19;Prince Edward Island
520;Evan Minnotte;10435;-14.31;22.99;8.99;Prince Edward Island
521;Evan Minnotte;10435;-162.24;11.66;7.95;Prince Edward Island
522;Jenna Caffey;10851;-175.13;12.88;4.59;Prince Edward Island
523;Harold Engle;10852;-27.26;15.28;10.91;Prince Edward Island
524;Harold Engle;10852;3030.16;300.98;54.92;Prince Edward Island
525;Harold Engle;11269;354.96;65.99;5.99;Prince Edward Island
526;Harold Engle;11269;112.35;4.91;0.5;Prince Edward Island
527;Harold Engle;11269;-19.32;27.75;19.99;Prince Edward Island
528;Hilary Holden;11362;569.57;110.98;13.99;Prince Edward Island
529;Hilary Holden;11362;-119.66;2.18;5;Prince Edward Island
530;Hilary Holden;11362;-690.21;699.99;24.49;Prince Edward Island
531;Hilary Holden;11362;424.14;110.99;8.99;Prince Edward Island
532;Christopher Schild;11968;26.09;3.38;0.85;Prince Edward Island
533;Harold Engle;12293;119.64;8.74;1.39;Prince Edward Island
534;Greg Guthrie;12773;-4.61;2.78;1.49;Prince Edward Island
535;Greg Guthrie;12773;-49.60;4.14;6.6;Prince Edward Island
536;Greg Guthrie;12773;-77.18;6.48;7.86;Prince Edward Island
537;Greg Guthrie;12773;-50.88;3.28;3.97;Prince Edward Island
538;Guy Armstrong;12934;186.64;9.78;1.39;Prince Edward Island
539;Guy Armstrong;12934;-66.35;3.28;3.97;Prince Edward Island
540;Joy Smith;13120;82.59;12.95;4.98;Prince Edward Island
541;Joy Smith;13120;-17.37;24.92;12.98;Prince Edward Island
542;Erica Bern;13604;1166.40;83.1;6.13;Prince Edward Island
543;Erica Bern;13604;-1396.22;90.98;56.2;Prince Edward Island
544;Dan Reichenbach;13927;-21.41;6.48;5.16;Prince Edward Island
545;Erica Bern;15044;167.37;39.99;10.25;Prince Edward Island
546;Guy Armstrong;15139;636.20;300.98;64.73;Prince Edward Island
547;Guy Armstrong;15139;-1163.21;20.98;45;Prince Edward Island
548;Evan Minnotte;15463;-193.48;5.98;7.5;Prince Edward Island
549;Joy Smith;15618;-34.98;5.28;6.26;Prince Edward Island
550;Joy Smith;15618;26.27;18.97;9.54;Prince Edward Island
551;Joy Smith;15618;-11.40;65.99;3.99;Prince Edward Island
552;Paul Gonzalez;16100;-115.54;4.82;5.72;Prince Edward Island
553;Filia McAdams;16320;176.87;125.99;8.08;Prince Edward Island
554;Joy Smith;16419;-103.65;5.78;5.67;Prince Edward Island
555;Greg Guthrie;17090;-443.78;140.98;36.09;Prince Edward Island
556;Greg Guthrie;17090;-1086.43;122.99;70.2;Prince Edward Island
557;Joy Smith;17315;64.01;5.43;0.95;Prince Edward Island
558;Joy Smith;17376;425.08;28.48;1.99;Prince Edward Island
559;Greg Guthrie;18210;2437.17;363.25;19.99;Prince Edward Island
560;Greg Guthrie;18210;12.58;2.88;0.7;Prince Edward Island
561;Jack Lebron;18273;-3.68;49.99;19.99;Prince Edward Island
562;Joy Smith;18788;-19.33;19.99;11.17;Prince Edward Island
563;Evan Minnotte;19042;54.90;40.98;7.47;Prince Edward Island
564;Chuck Magee;19073;20.08;10.64;5.16;Prince Edward Island
565;Chuck Magee;19073;5.81;2.78;1.34;Prince Edward Island
566;Filia McAdams;19365;-43.36;5.98;5.2;Prince Edward Island
567;Jack Lebron;19617;270.69;23.99;6.3;Prince Edward Island
568;Jack Lebron;19617;-296.37;65.99;8.99;Prince Edward Island
569;Jack Lebron;20033;-1011.32;499.99;24.49;Prince Edward Island
570;Harold Engle;21223;-144.43;100.98;26.22;Prince Edward Island
571;Harold Engle;21223;122.41;51.65;18.45;Prince Edward Island
572;Jack Lebron;21378;391.60;28.53;1.49;Prince Edward Island
573;Jack Lebron;21378;26.94;99.99;19.99;Prince Edward Island
574;Frank Atkinson;21542;-27.34;21.38;8.99;Prince Edward Island
575;Frank Atkinson;21542;715.18;348.21;84.84;Prince Edward Island
576;Jack Lebron;22469;-678.63;60.98;49;Prince Edward Island
577;Jack Lebron;22469;40.32;290.98;69;Prince Edward Island
578;Evan Minnotte;22656;-77.89;30.98;6.5;Prince Edward Island
579;Joy Smith;22695;161.13;10.06;2.06;Prince Edward Island
580;Dan Reichenbach;23076;122.21;14.2;5.3;Prince Edward Island
581;Jack Lebron;24038;82.04;65.99;5.26;Prince Edward Island
582;Frank Atkinson;24067;-79.35;5.98;7.5;Prince Edward Island
583;Frank Atkinson;24067;751.38;65.99;5.92;Prince Edward Island
584;Erica Bern;24388;-704.66;549.99;49;Prince Edward Island
585;Jack Lebron;24451;-564.74;68.81;60;Prince Edward Island
586;Filia McAdams;24806;-57.99;5.18;5.74;Prince Edward Island
587;Jack Lebron;24965;580.15;420.98;19.99;Prince Edward Island
588;Jack Lebron;24965;330.63;29.18;8.55;Prince Edward Island
589;Giulietta Baptist;25154;13.84;6.68;1.5;Prince Edward Island
590;Joy Smith;25315;3506.24;225.04;11.79;Prince Edward Island
591;Joy Smith;25315;4.34;2.84;0.93;Prince Edward Island
592;Joy Smith;25315;-1048.25;31.76;45.51;Prince Edward Island
593;Greg Guthrie;25376;-31.83;6.28;5.29;Prince Edward Island
594;Carlos Soltero;26240;439.77;39.48;1.99;Prince Edward Island
595;Carlos Soltero;26240;12.00;3.7;1.61;Prince Edward Island
596;Harold Engle;26791;-48.20;11.29;5.03;Prince Edward Island
597;Erica Bern;28836;2342.21;195.99;4.2;Prince Edward Island
598;Erica Bern;28836;170.08;172.99;19.99;Prince Edward Island
599;Hilary Holden;28995;73.19;30.98;5.76;Prince Edward Island
600;Hilary Holden;28995;80.92;19.98;8.68;Prince Edward Island
601;Jack Lebron;29121;575.33;125.99;7.69;Prince Edward Island
602;Filia McAdams;29319;1151.69;238.4;24.49;Prince Edward Island
603;Filia McAdams;29319;983.55;199.99;24.49;Prince Edward Island
604;Greg Guthrie;29382;78.96;5.68;1.39;Prince Edward Island
605;Greg Guthrie;29382;35.09;19.98;10.49;Prince Edward Island
606;Harold Engle;29445;415.55;90.97;28;Prince Edward Island
607;Philip Brown;29762;0.78;1.48;0.7;Prince Edward Island
608;Helen Abelman;30048;433.63;180.98;55.24;Prince Edward Island
609;Hilary Holden;30243;650.56;60.22;3.5;Prince Edward Island
610;Hilary Holden;30243;340.88;199.99;24.49;Prince Edward Island
611;Christopher Schild;30372;-7.39;12.22;2.85;Prince Edward Island
612;Carlos Soltero;30499;5.66;5.98;2.5;Prince Edward Island
613;Carlos Soltero;30499;42.34;5.84;1.2;Prince Edward Island
614;Erica Bern;32199;-99.76;4.91;4.97;Prince Edward Island
615;Erica Bern;32199;-3061.82;3499.99;24.49;Prince Edward Island
616;Erica Bern;32199;-0.01;5.84;1.2;Prince Edward Island
617;Erica Bern;32327;-1430.45;550.98;147.12;Prince Edward Island
618;Joy Smith;32676;523.43;45.19;1.99;Prince Edward Island
619;Joy Smith;32835;-19.44;45.99;4.99;Prince Edward Island
620;Christopher Schild;32869;-82.83;8.12;2.83;Prince Edward Island
621;Christopher Schild;32869;25.04;51.65;18.45;Prince Edward Island
622;Christopher Schild;32869;-7.51;6.68;1.5;Prince Edward Island
623;Christopher Schild;32869;930.99;175.99;8.99;Prince Edward Island
624;Evan Minnotte;33763;-234.79;499.99;24.49;Prince Edward Island
625;Christopher Schild;34048;-10.74;22.23;3.63;Prince Edward Island
626;Greg Guthrie;34275;26.66;4.84;0.71;Prince Edward Island
627;Harold Engle;34438;-30.72;20.15;8.99;Prince Edward Island
628;Philip Brown;34880;-62.43;6.48;5.19;Prince Edward Island
629;Carlos Soltero;34978;-269.91;3.52;6.83;Prince Edward Island
630;Jennifer Braxton;35141;469.28;67.28;19.99;Prince Edward Island
631;Dan Reichenbach;35300;7.15;2.89;0.49;Prince Edward Island
632;Dan Reichenbach;35300;126.03;41.32;8.66;Prince Edward Island
633;Dan Reichenbach;35300;29.62;8.95;2.01;Prince Edward Island
634;Carlos Soltero;35558;-22.12;13.79;8.78;Prince Edward Island
635;Carlos Soltero;36293;250.47;100.98;7.18;Prince Edward Island
636;Carlos Soltero;36293;-94.79;6.48;7.49;Prince Edward Island
637;Giulietta Baptist;36516;51.30;100.98;7.18;Prince Edward Island
638;Jack Lebron;36677;-734.33;599.99;24.49;Prince Edward Island
639;Guy Armstrong;37185;-13.27;2.6;2.4;Prince Edward Island
640;Hilary Holden;37888;274.90;20.98;1.49;Prince Edward Island
641;Jack Lebron;38310;-141.76;3.48;49;Prince Edward Island
642;Erica Bern;40327;-20.27;3.69;2.5;Prince Edward Island
643;Erica Bern;40327;-123.87;4.28;5.74;Prince Edward Island
644;Harold Engle;40480;3049.45;420.98;19.99;Prince Edward Island
645;Harold Engle;40480;221.81;26.48;6.93;Prince Edward Island
646;Jim Sink;40800;26.11;5.68;1.39;Prince Edward Island
647;Jennifer Braxton;40835;-8.08;15.01;8.4;Prince Edward Island
648;Jennifer Braxton;40835;-326.97;40.48;19.99;Prince Edward Island
649;Jennifer Braxton;40835;-6.68;12.28;6.13;Prince Edward Island
650;Joy Smith;40871;-5.53;8.85;5.6;Prince Edward Island
651;Joy Smith;40871;-157.63;110.98;30;Prince Edward Island
652;Harold Engle;41570;1037.55;104.85;4.65;Prince Edward Island
653;Philip Brown;41991;133.30;50.98;14.19;Prince Edward Island
654;Philip Brown;41991;68.44;14.58;7.4;Prince Edward Island
655;Philip Brown;41991;256.66;45.98;4.8;Prince Edward Island
656;Giulietta Baptist;42400;11.55;19.98;4;Prince Edward Island
657;Giulietta Baptist;42400;-168.95;10.97;6.5;Prince Edward Island
658;Paul Gonzalez;42754;32.19;10.98;5.14;Prince Edward Island
659;Logan Haushalter;42918;30.48;14.27;7.27;Prince Edward Island
660;Logan Haushalter;42918;-54.58;9.49;5.76;Prince Edward Island
661;Filia McAdams;42944;1061.61;216.6;64.2;Prince Edward Island
662;Carlos Soltero;44037;326.43;22.23;5.08;Prince Edward Island
663;Carlos Soltero;44037;557.60;55.99;1.25;Prince Edward Island
664;Erica Bern;44387;475.26;29.89;1.99;Prince Edward Island
665;Erica Bern;44387;-6.71;8.34;4.82;Prince Edward Island
666;Greg Guthrie;44576;-189.35;124.49;51.94;Prince Edward Island
667;Dan Reichenbach;45601;267.64;19.98;5.97;Prince Edward Island
668;Jim Sink;45606;-124.25;8.75;8.54;Prince Edward Island
669;Jim Sink;45606;-8.38;5.85;2.27;Prince Edward Island
670;Carlos Soltero;46119;15.27;3.8;1.49;Prince Edward Island
671;Carlos Soltero;46119;57.31;7.98;1.25;Prince Edward Island
672;Carlos Soltero;46119;-575.35;417.4;75.23;Prince Edward Island
673;Chuck Magee;46756;-22.45;7.28;11.15;Prince Edward Island
674;Philip Brown;47714;-125.36;5.53;6.98;Prince Edward Island
675;Hilary Holden;47846;-9.45;10.68;13.04;Prince Edward Island
676;Hilary Holden;47846;631.99;110.98;13.99;Prince Edward Island
677;Hilary Holden;47846;1581.93;105.98;13.99;Prince Edward Island
678;Hilary Holden;47846;-120.08;6.68;6.93;Prince Edward Island
679;Greg Guthrie;47876;58.08;46.89;5.1;Prince Edward Island
680;Jennifer Braxton;48067;695.06;125.99;3;Prince Edward Island
681;Jennifer Braxton;48067;630.70;195.99;8.99;Prince Edward Island
682;Erica Bern;48199;279.74;15.74;1.39;Prince Edward Island
683;Jim Sink;49029;2549.40;195.99;3.99;Prince Edward Island
684;Noah Childs;49216;-45.82;24.92;12.98;Prince Edward Island
685;Noah Childs;49216;-172.48;270.97;28.06;Manitoba
686;Noah Childs;49216;30.63;12.28;6.35;Manitoba
687;Evan Minnotte;49990;501.51;442.14;14.7;Manitoba
688;Guy Armstrong;50081;-88.75;70.98;26.74;Manitoba
689;Guy Armstrong;50404;905.57;210.55;9.99;Manitoba
690;Guy Armstrong;50404;-367.00;182.55;69;Manitoba
691;Chuck Magee;50784;-130.88;32.98;5.5;Manitoba
692;Greg Guthrie;50850;578.14;40.98;7.47;Manitoba
693;Greg Guthrie;50850;-634.87;417.4;75.23;Manitoba
694;Carlos Soltero;51075;-160.68;35.99;5;Manitoba
695;Greg Guthrie;51461;-97.54;19.99;11.17;Manitoba
696;Greg Guthrie;51558;-87.27;6.68;6.92;Manitoba
697;Greg Guthrie;51558;85.29;85.29;60;Manitoba
698;Carlos Soltero;52130;-39.96;4.13;5.34;Manitoba
699;Carlos Soltero;52130;-4.01;40.89;18.98;Manitoba
700;Greg Guthrie;52482;163.78;40.98;5.33;Manitoba
701;Greg Guthrie;52482;217.06;22.23;3.63;Manitoba
702;Christopher Schild;53410;-253.11;14.81;13.32;Manitoba
703;Joy Smith;53477;-1207.18;95.95;74.35;Manitoba
704;Joy Smith;53477;1261.44;300.98;64.73;Manitoba
705;Joy Smith;53477;536.87;37.94;5.08;Manitoba
706;Joy Smith;53477;610.90;161.55;19.99;Manitoba
707;Joy Smith;53508;149.64;80.98;7.18;Manitoba
708;Joy Smith;53508;-32.42;13.99;7.51;Manitoba
709;Joy Smith;53508;1.06;15.04;1.97;Manitoba
710;Guy Armstrong;53703;-34.79;140.85;19.99;Manitoba
711;Brian Moss;54115;-80.05;4.37;5.15;Manitoba
712;Brian Moss;54115;-89.42;4.98;4.95;Manitoba
713;Logan Haushalter;54437;-311.05;55.99;5;Manitoba
714;Guy Armstrong;54501;481.70;65.99;4.99;Manitoba
715;Guy Armstrong;54501;-33.03;13.99;7.51;Manitoba
716;Guy Armstrong;54501;-1195.29;20.34;35;Manitoba
717;Christopher Schild;54753;1380.32;155.99;3.9;Manitoba
718;Jim Sink;55138;-628.38;48.91;35;Manitoba
719;Carlos Soltero;55271;-210.14;100.89;42;Manitoba
720;Jennifer Braxton;55331;-8.24;3.69;2.5;Manitoba
721;Brian Moss;55618;479.95;35.99;1.25;Manitoba
722;Harold Engle;56645;65.82;30.98;17.08;Manitoba
723;Harold Engle;56645;3277.57;348.21;40.19;Manitoba
724;Carlos Soltero;56803;-103.27;6.48;5.9;Manitoba
725;Hilary Holden;57159;-635.65;280.98;57;Manitoba
726;Hilary Holden;57159;-214.39;9.99;11.59;Manitoba
727;Logan Haushalter;57507;-19.68;15.01;8.4;Manitoba
728;Guy Armstrong;57922;-287.28;6.84;8.37;Manitoba
729;Erica Bern;58117;-62.84;3.14;1.92;Manitoba
730;Logan Haushalter;58278;2093.70;99.23;8.99;Manitoba
731;Logan Haushalter;58278;-434.56;85.99;0.99;Manitoba
732;Harold Engle;58502;1009.38;226.67;28.16;Manitoba
733;Christopher Schild;58788;43.72;30.98;6.5;Manitoba
734;Helen Abelman;58947;102.58;8.01;2.87;Manitoba
735;Helen Abelman;58947;-67.79;4.98;5.02;Manitoba
736;Jack Lebron;59074;70.80;14.98;8.99;British Columbia
737;Jack Lebron;59233;-160.46;100.98;35.84;British Columbia
738;Jack Lebron;59233;7.69;14.34;5;British Columbia
739;Giulietta Baptist;59425;717.12;83.1;6.13;British Columbia
740;Giulietta Baptist;59425;741.27;37.94;5.08;British Columbia
741;Jim Sink;59750;-66.05;6.48;5.74;British Columbia
742;Julie Creighton;35;60.72;9.11;2.25;British Columbia
743;Julie Creighton;35;48.99;155.99;8.99;British Columbia
744;Sanjit Chand;294;489.02;193.17;19.99;British Columbia
745;Matt Collins;450;109.33;34.58;8.99;British Columbia
746;Matt Collins;450;-211.13;15.7;11.25;British Columbia
747;Matt Collins;1028;-28.46;28.48;1.99;British Columbia
748;Matt Collins;1028;-60.39;205.99;5.99;British Columbia
749;Justin Knight;1314;-7.61;9.27;4.39;British Columbia
750;Rob Haberlin;2279;205.83;90.98;30;British Columbia
751;Rob Haberlin;2279;52.53;20.98;5.42;British Columbia
752;Rob Haberlin;2465;271.87;39.48;1.99;British Columbia
753;Rob Haberlin;2530;4.58;2.61;0.5;British Columbia
754;Rob Haberlin;2883;177.66;64.98;6.88;British Columbia
755;Christina Vanderzanden;3362;734.75;40.98;1.99;British Columbia
756;Christina Vanderzanden;3362;-109.10;15.14;4.53;British Columbia
757;Matt Collins;5318;195.16;131.12;0.99;British Columbia
758;Matt Collins;5318;1196.37;200.99;4.2;British Columbia
759;Sanjit Chand;5988;-379.29;499.99;24.49;British Columbia
760;Matt Collins;6115;78.86;17.78;5.03;British Columbia
761;Justin Knight;6337;-912.08;70.71;37.58;British Columbia
762;Justin Knight;6337;-261.61;376.13;85.63;British Columbia
763;Rob Haberlin;6434;14.49;4.76;0.88;British Columbia
764;Lena Cacioppo;7136;88.72;39.48;1.99;British Columbia
765;Lena Cacioppo;7136;17.05;4.91;0.5;British Columbia
766;Kimberly Carter;7489;552.97;180.98;23.58;British Columbia
767;Gene Hale;7968;-270.00;150.98;30;British Columbia
768;Christina Vanderzanden;8227;-43.21;4.77;2.39;British Columbia
769;Matt Collins;9123;-108.28;14.03;9.37;British Columbia
770;Sally Knutson;9792;-73.14;5.4;7.78;British Columbia
771;Kimberly Carter;9860;-73.66;7.28;3.52;British Columbia
772;Christina Vanderzanden;10310;9.59;2.88;1.01;British Columbia
773;Christina Vanderzanden;10310;-655.42;195.99;3.99;British Columbia
774;Kimberly Carter;10369;-12.38;5.78;4.96;British Columbia
775;Kimberly Carter;10369;-95.54;28.48;8.99;British Columbia
776;Rob Haberlin;10692;-69.91;3.57;4.17;British Columbia
777;Rob Haberlin;10692;2369.84;200.99;4.2;British Columbia
778;Rob Haberlin;10692;-457.16;195.99;8.99;British Columbia
779;Justin Knight;11553;-517.17;52.99;19.99;British Columbia
780;Justin Knight;11553;-429.86;100.98;57.38;British Columbia
781;Justin Knight;11553;365.42;85.99;0.99;British Columbia
782;Christina Vanderzanden;11776;-14.10;1.26;0.7;British Columbia
783;Marina Lichtenstein;11782;-63.72;4.98;4.75;British Columbia
784;Marina Lichtenstein;11782;14.35;66.99;13.99;British Columbia
785;Justin Knight;12199;-10.73;6.54;5.27;British Columbia
786;Justin Knight;12199;3051.62;155.06;7.07;British Columbia
787;Gene Hale;14275;-7.73;2.08;1.49;British Columbia
788;Gene Hale;14275;-187.75;160.98;30;British Columbia
789;Gene Hale;14535;-33.82;11.29;5.03;British Columbia
790;Rob Haberlin;15329;319.52;29.89;1.99;British Columbia
791;Gene Hale;15621;-13.95;1.68;1.57;British Columbia
792;Gene Hale;15621;-136.20;28.28;13.99;British Columbia
793;Michelle Arnett;17826;-88.61;3.89;7.01;British Columbia
794;Sally Knutson;17926;-70.04;15.31;8.78;British Columbia
795;Rob Haberlin;18247;27.22;7.59;4;British Columbia
796;Justin Knight;18471;46.41;5.98;0.96;British Columbia
797;Justin Knight;18471;-8.02;2.08;2.56;British Columbia
798;Justin Knight;18471;-47.12;5.98;5.46;British Columbia
799;Lena Cacioppo;19813;218.73;45.99;2.5;British Columbia
800;Seth Vernon;20322;-183.36;3.58;5.47;British Columbia
801;Seth Vernon;20322;-129.53;100.98;35.84;British Columbia
802;Seth Vernon;20322;-72.28;5.78;7.96;British Columbia
803;Gene Hale;20422;115.21;14.34;5;British Columbia
804;Luke Weiss;20448;6.84;3.69;2.5;British Columbia
805;Justin Knight;21892;-18.34;4.91;4.97;British Columbia
806;Rob Haberlin;22980;-27.92;12.44;6.27;British Columbia
807;Julie Creighton;23907;-164.46;65.99;2.5;British Columbia
808;Sanjit Chand;24064;935.80;297.64;14.7;British Columbia
809;Justin Knight;24132;-4.49;6.75;2.99;British Columbia
810;Justin Knight;24132;-101.25;7.1;6.05;British Columbia
811;Justin Knight;24132;-1.88;20.95;4;British Columbia
812;Justin Knight;24132;339.75;39.06;10.55;British Columbia
813;Justin Knight;24132;-57.75;3.52;6.83;British Columbia
814;Justin Knight;24132;-47.97;15.51;17.78;British Columbia
815;Luke Weiss;24576;24.56;20.99;4.81;British Columbia
816;Luke Weiss;24576;38.02;14.58;7.4;British Columbia
817;Christina Vanderzanden;25248;29.21;8.33;1.99;British Columbia
818;Christina Vanderzanden;25248;418.19;48.91;5.81;British Columbia
819;Lena Cacioppo;25475;-191.49;6.48;7.49;British Columbia
820;Seth Vernon;26978;-21.20;18.97;9.03;British Columbia
821;Sanjit Chand;27105;39.63;5.98;2.5;British Columbia
822;Sanjit Chand;27105;26.21;10.4;5.4;British Columbia
823;Julie Creighton;28068;-43.96;27.48;4;British Columbia
824;Sanjit Chand;28802;51.36;17.67;8.99;British Columbia
825;Sanjit Chand;28802;25.95;8.34;4.82;British Columbia
826;Sanjit Chand;28802;884.91;205.99;3;British Columbia
827;Anthony Johnson;28839;-175.86;3.34;7.49;British Columbia
828;Anthony Johnson;29252;-15.44;6.48;5.19;British Columbia
829;Kimberly Carter;31941;650.73;78.65;13.99;British Columbia
830;Kimberly Carter;31941;-43.50;6.48;9.68;British Columbia
831;Marina Lichtenstein;32418;-131.31;243.98;43.32;British Columbia
832;Sanjit Chand;34241;16.23;52.71;2.5;British Columbia
833;Sally Knutson;34816;267.16;41.71;4.5;British Columbia
834;Sally Knutson;34816;590.77;60.98;19.99;British Columbia
835;Luke Weiss;35011;-2.31;10.98;3.37;British Columbia
836;Anthony Johnson;36068;1243.17;279.81;23.19;British Columbia
837;Michelle Arnett;36930;1325.82;85.99;3.3;British Columbia
838;Luke Weiss;37315;-133.68;4.28;5.17;British Columbia
839;Luke Weiss;37315;1176.48;175.99;4.99;British Columbia
840;Luke Weiss;37925;1265.82;90.97;14;British Columbia
841;Luke Weiss;37925;394.45;65.99;3.99;British Columbia
842;Rob Haberlin;38021;709.33;30.44;1.49;British Columbia
843;Julie Creighton;38336;2.82;6.75;2.99;British Columbia
844;Julie Creighton;38336;-116.45;10.97;6.5;British Columbia
845;Justin Knight;38565;-11.69;10.64;5.16;British Columbia
846;Sally Knutson;39783;-94.76;4.06;6.89;British Columbia
847;Sally Knutson;39783;5.02;8.85;5.6;British Columbia
848;Sally Knutson;39783;39.90;3.15;0.5;British Columbia
849;Michelle Arnett;42500;437.07;48.92;4.5;British Columbia
850;Michelle Arnett;42500;-10.48;8.69;2.99;British Columbia
851;Julie Creighton;44162;42.76;10.98;3.37;British Columbia
852;Sally Knutson;44256;48.45;8.01;2.87;British Columbia
853;Sally Knutson;44256;-38.72;6.48;5.84;British Columbia
854;Sally Knutson;44256;182.15;40.97;8.99;British Columbia
855;Sally Knutson;44320;-1640.51;154.13;69;British Columbia
856;Kimberly Carter;45377;-22.90;2.08;1.49;British Columbia
857;Rob Haberlin;47367;-0.17;3.8;1.49;British Columbia
858;Rob Haberlin;47367;2.28;3.69;0.5;British Columbia
859;Sally Knutson;47750;36.64;2.88;0.5;British Columbia
860;Sally Knutson;47750;216.12;25.38;8.99;British Columbia
861;Marina Lichtenstein;48388;-13.33;5.74;5.01;British Columbia
862;Christina DeMoss;49059;45.51;2.89;0.5;British Columbia
863;Christina DeMoss;49059;32.86;48.91;5.81;British Columbia
864;Luke Weiss;49510;-6.22;2.58;1.3;British Columbia
865;Sally Knutson;49634;10.91;2.88;1.49;British Columbia
866;Michelle Arnett;50210;82.30;3.75;0.5;British Columbia
867;Michelle Arnett;50210;-30.26;1.86;2.58;British Columbia
868;Sanjit Chand;50503;-186.33;65.99;19.99;British Columbia
869;Anthony Johnson;50816;-35.94;11.97;4.98;British Columbia
870;Anthony Johnson;50816;302.80;28.53;1.49;British Columbia
871;Anthony Johnson;50816;-12.46;15.28;1.99;British Columbia
872;Luke Weiss;51073;958.80;136.98;24.49;British Columbia
873;Luke Weiss;51073;813.35;30.93;3.92;British Columbia
874;Rob Haberlin;51584;176.04;110.98;30;British Columbia
875;Monica Federle;51879;372.26;51.94;19.99;British Columbia
876;Monica Federle;51879;212.06;19.98;8.68;British Columbia
877;Kimberly Carter;52288;545.11;78.69;19.99;British Columbia
878;Michelle Arnett;53190;74.64;28.53;1.49;British Columbia
879;Michelle Arnett;53190;-170.53;65.99;3.99;British Columbia
880;Sanjit Chand;53536;109.16;22.98;7.58;British Columbia
881;Sanjit Chand;53536;-234.59;179.29;56.2;British Columbia
882;Marina Lichtenstein;53572;4.79;11.09;5.25;British Columbia
883;Joy Smith;53825;649.80;48.04;7.23;British Columbia
884;Christina DeMoss;53863;1660.15;161.55;19.99;British Columbia
885;Monica Federle;54119;-43.45;5.81;3.37;British Columbia
886;Monica Federle;54119;-41.75;29.74;6.64;British Columbia
887;Michelle Arnett;56224;-117.27;3.81;5.44;British Columbia
888;Michelle Arnett;56224;-1115.99;95.95;74.35;British Columbia
889;Michelle Arnett;56224;48.59;7.89;2.82;British Columbia
890;Michelle Arnett;56224;-153.25;124.49;51.94;British Columbia
891;Michelle Arnett;56293;-44.81;19.99;11.17;British Columbia
892;Michelle Arnett;56293;-27.72;16.91;6.25;British Columbia
893;Sally Knutson;57959;-32.06;5.81;3.37;British Columbia
894;Sally Knutson;57959;-65.33;26.31;5.89;British Columbia
895;Christina DeMoss;58500;14.01;110.99;8.99;British Columbia
896;Joy Smith;59584;-160.46;100.98;35.84;British Columbia
897;Joy Smith;59584;16.81;150.98;13.99;British Columbia
898;Sonia Sunley;261;1680.79;140.99;4.2;British Columbia
899;Anthony O'Donnell;928;300.97;59.98;3.99;British Columbia
900;Anthony O'Donnell;928;45.00;14.58;7.4;British Columbia
901;Emily Grady;1282;366.48;31.78;1.99;British Columbia
902;Emily Grady;1282;-2.06;2.78;1.34;British Columbia
903;Alex Avila;1856;-712.14;60.98;49;British Columbia
904;Alex Avila;1856;973.16;125.99;8.08;British Columbia
905;Alex Avila;1856;676.13;125.99;8.8;British Columbia
906;Brian Moss;1925;67.84;276.2;24.49;British Columbia
907;Emily Grady;2848;-303.62;43.31;15.9;British Columbia
908;Emily Grady;2848;-264.28;125.99;8.99;British Columbia
909;Anna Andreadi;5504;-20.33;5.78;7.64;British Columbia
910;Anna Andreadi;5504;20.23;45.99;4.99;British Columbia
911;Emily Grady;8390;-99.34;30.98;4;British Columbia
912;Barbara Fisher;8545;-77.34;4.13;5.34;British Columbia
913;Barbara Fisher;8545;-662.80;130.98;54.74;British Columbia
914;Emily Grady;9573;-59.91;3.14;1.92;British Columbia
915;Kelly Williams;9892;424.36;27.18;8.23;British Columbia
916;Sonia Sunley;10048;97.16;73.98;4;British Columbia
917;Sonia Sunley;10048;-20.65;3.68;1.32;British Columbia
918;Sonia Sunley;10144;103.83;355.98;58.92;British Columbia
919;Sonia Sunley;10144;-98.30;160.98;30;British Columbia
920;Sonia Sunley;10144;539.54;280.98;35.67;British Columbia
921;Sonia Sunley;10432;220.39;179.99;19.99;British Columbia
922;Jocasta Rupert;10661;-99.34;6.84;8.37;British Columbia
923;Sonia Sunley;12806;107.93;35.89;14.72;British Columbia
924;Kelly Williams;13158;29.33;6.75;2.99;British Columbia
925;Anna Andreadi;13507;-75.71;6.78;6.18;British Columbia
926;Rick Duston;14375;-21.77;5.78;5.67;British Columbia
927;Sonia Sunley;14627;67.86;14.48;6.46;British Columbia
928;Angele Hood;14852;1234.57;420.98;19.99;British Columbia
929;Sonia Sunley;16230;-7.86;7.31;0.49;British Columbia
930;Sonia Sunley;16230;-801.09;130.98;54.74;British Columbia
931;Sonia Sunley;16230;223.76;48.91;5.81;British Columbia
932;Sonia Sunley;16230;506.86;111.03;8.64;British Columbia
933;Sonia Sunley;19074;191.47;208.16;68.02;British Columbia
934;Dennis Bolton;20194;68.89;20.24;6.67;British Columbia
935;Stewart Carmichael;21024;33.80;5.84;1.2;British Columbia
936;Dennis Bolton;21509;15.82;3.69;0.5;British Columbia
937;Sonia Sunley;21856;71.77;3.69;0.5;British Columbia
938;Sonia Sunley;21856;-47.75;3.14;1.92;British Columbia
939;Stewart Carmichael;22119;-122.77;49.43;19.99;British Columbia
940;Kelly Williams;22534;-44.18;83.93;19.99;British Columbia
941;Sonia Sunley;22629;-243.02;73.98;14.52;British Columbia
942;Kelly Williams;23011;-33.93;10.01;1.99;British Columbia
943;Sonia Sunley;24070;-98.31;4.91;4.97;British Columbia
944;Sonia Sunley;24070;-164.59;140.81;24.49;British Columbia
945;Sonia Sunley;24070;88.80;5.58;0.7;British Columbia
946;Sonia Sunley;24737;-210.97;180.98;26.2;British Columbia
947;Sonia Sunley;24737;-28.15;6.48;5.19;British Columbia
948;Anna Andreadi;26373;2.30;40.98;5.33;British Columbia
949;Seth Vernon;26978;-635.69;599.99;24.49;British Columbia
950;Seth Vernon;26978;938.26;40.99;5.86;British Columbia
951;Seth Vernon;26978;-157.44;15.31;8.78;British Columbia
952;Alex Avila;27174;-245.56;35.99;5;British Columbia
953;Sarah Foster;27876;-70.54;16.99;8.99;British Columbia
954;Alex Avila;28582;423.87;39.24;1.99;British Columbia
955;Alex Avila;28582;87.96;8.01;2.87;British Columbia
956;Anna Andreadi;28868;-142.30;6.48;8.73;British Columbia
957;Angele Hood;29857;-639.47;140.98;36.09;British Columbia
958;Sonia Sunley;29921;1733.47;120.98;9.07;British Columbia
959;Kelly Williams;30659;-106.51;85.99;0.99;British Columbia
960;Anna Andreadi;30660;-647.14;71.37;69;British Columbia
961;Alex Avila;30883;59.84;6.98;1.6;British Columbia
962;Jim Karlsson;32871;9.72;20.97;4;British Columbia
963;Sonia Sunley;33600;-94.36;4.28;4.79;British Columbia
964;Alex Avila;33632;-277.78;115.99;5.26;British Columbia
965;Lisa DeCherney;33665;1063.46;284.98;69.55;British Columbia
966;Barbara Fisher;34434;-63.19;1.8;4.79;British Columbia
967;Barbara Fisher;34434;50.66;4.98;0.49;British Columbia
968;Barbara Fisher;34753;-63.70;20.99;0.99;British Columbia
969;Lisa DeCherney;35364;-54.75;4.28;5.68;British Columbia
970;Lisa DeCherney;35364;-871.52;376.13;85.63;British Columbia
971;Lisa DeCherney;35364;455.02;424.21;110.2;British Columbia
972;Lisa DeCherney;35364;-554.44;195.99;8.99;British Columbia
973;Barbara Fisher;35812;-112.62;113.98;30;British Columbia
974;Barbara Fisher;35812;-147.81;30.73;4;British Columbia
975;Barbara Fisher;35812;307.64;47.9;5.86;British Columbia
976;Alex Avila;37063;89.60;17.67;8.99;British Columbia
977;Roy Skaria;37281;3.31;20.99;4.81;British Columbia
978;Angele Hood;37798;813.49;291.73;48.8;British Columbia
979;Seth Vernon;38017;45.14;4.98;0.8;British Columbia
980;Seth Vernon;38017;453.65;125.99;7.69;British Columbia
981;Sarah Foster;38272;-20.65;1.88;1.49;British Columbia
982;Kelly Williams;39301;-521.09;152.48;4;British Columbia
983;Dennis Bolton;39367;-146.97;4.13;5.04;British Columbia
984;Dennis Bolton;39367;5.90;4.48;2.5;British Columbia
985;Roy Skaria;39655;-72.43;7.28;3.52;British Columbia
986;Jim Karlsson;40803;9.24;3.8;1.49;British Columbia
987;Jim Karlsson;40803;1512.07;300.98;64.73;British Columbia
988;Barbara Fisher;40806;-41.26;5.4;7.78;British Columbia
989;Anna Andreadi;43523;-97.23;5.98;5.46;British Columbia
990;Seth Vernon;44199;-6.33;3.95;2;British Columbia
991;Alex Avila;44231;116.10;160.98;30;British Columbia
992;Alex Avila;44231;-87.96;17.98;4;British Columbia
993;Alex Avila;44231;311.64;115.99;8.99;British Columbia
994;Sonia Sunley;45573;-151.46;120.98;30;British Columbia
995;Lisa DeCherney;45763;24.28;2.61;0.5;British Columbia
996;Dennis Bolton;48165;-147.27;6.48;9.54;British Columbia
997;Anthony O'Donnell;48197;154.74;40.97;14.45;British Columbia
998;Barbara Fisher;48484;67.96;16.48;1.99;British Columbia
999;Barbara Fisher;48484;133.83;20.24;6.67;British Columbia
1000;Barbara Fisher;48484;153.80;18.97;9.03;British Columbia
